ATIME_ms,RedMean,GreenMean,BlueMean,ClearMean
2.4,146,129,107,364
2.4,196,179,145,491
2.4,238,207,172,610
2.4,268,226,179,678
2.4,233,192,149,609
2.4,150,127,98,393
2.4,105,93,71,271
2.4,76,71,62,205
2.4,76,70,55,211
2.4,60,59,50,182
2.4,62,68,54,177
2.4,81,85,65,242
2.4,88,91,71,264
2.4,88,94,72,252
2.4,85,99,75,264
2.4,81,90,75,256
2.4,87,97,75,271
2.4,88,103,80,277
2.4,92,101,78,286
2.4,91,110,86,282
2.4,92,105,80,281
2.4,91,105,83,263
2.4,90,103,79,289
2.4,92,110,86,281
2.4,97,107,89,309
2.4,101,109,84,303
2.4,113,112,89,331
2.4,119,123,92,353
2.4,96,100,77,290
2.4,74,91,71,229
2.4,76,92,76,254
2.4,111,125,100,321
2.4,133,135,111,407
2.4,156,163,133,443
2.4,174,168,128,487
2.4,80,107,84,269
2.4,127,144,118,367
2.4,96,100,69,344
2.4,34,56,46,121
2.4,214,199,162,572
2.4,87,112,85,307
2.4,78,102,83,279
2.4,139,154,121,411
2.4,146,155,116,420
2.4,120,136,101,360
2.4,110,122,95,341
2.4,96,111,80,300
2.4,93,109,79,275
2.4,91,105,81,282
2.4,92,102,78,288
2.4,94,111,81,280
2.4,93,110,85,294
2.4,92,108,82,304
2.4,95,111,81,298
2.4,93,108,84,291
2.4,94,105,80,277
2.4,92,109,80,277
2.4,93,107,83,289
2.4,89,106,88,282
2.4,98,112,90,305
2.4,111,126,100,334
2.4,128,135,113,366
2.4,162,161,130,443
2.4,165,162,125,450
2.4,157,163,130,441
2.4,158,158,128,453
2.4,148,154,123,422
2.4,143,146,121,427
2.4,143,147,118,415
2.4,140,149,118,405
2.4,135,141,111,409
2.4,143,148,118,411
2.4,137,149,118,397
2.4,139,144,119,418
2.4,141,148,116,411
2.4,141,146,121,425
2.4,135,142,117,410
2.4,140,148,117,408
2.4,139,145,114,424
2.4,146,153,116,410
2.4,143,150,118,417
2.4,147,147,122,427
2.4,146,153,117,414
2.4,147,153,119,421
2.4,139,146,121,426
2.4,143,150,122,427
2.4,142,153,121,416
2.4,143,149,117,434
2.4,147,153,118,419
2.4,143,150,121,428
2.4,143,149,117,435
2.4,149,155,124,425
2.4,145,156,123,422
2.4,145,151,125,438
2.4,148,155,120,433
2.4,150,157,124,436
2.4,147,153,127,425
2.4,148,155,124,434
2.4,144,156,124,420
2.4,144,153,126,440
24.0,1653,1803,1426,4967
24.0,1491,1525,1212,4261
24.0,1587,1551,1239,4418
24.0,1791,1841,1473,4972
24.0,1533,1801,1327,4854
24.0,1150,1414,1122,3778
24.0,1399,1562,1236,4283
24.0,1474,1454,1168,4534
24.0,859,1013,786,2706
24.0,1712,1946,1571,4919
24.0,1681,1672,1323,5002
24.0,1329,1588,1307,4260
24.0,1718,1841,1459,5106
24.0,1769,1704,1371,5122
24.0,1722,1682,1353,4637
24.0,1709,1597,1259,4869
24.0,867,1058,842,2899
24.0,820,1081,901,2842
24.0,1088,1312,1076,3509
24.0,1220,1348,1056,3699
24.0,1201,1282,1003,3542
24.0,1188,1230,979,3427
24.0,1183,1182,945,3402
24.0,891,935,736,2769
24.0,930,1093,876,2744
24.0,1324,1365,995,3810
24.0,726,906,687,2401
24.0,789,978,856,2608
24.0,1176,1315,1044,3592
24.0,1692,1587,1278,4458
24.0,1114,942,739,3177
24.0,500,576,449,1562
24.0,562,638,493,1715
24.0,801,828,730,2338
24.0,1074,1059,920,3052
24.0,1613,1521,1272,4345
24.0,1448,1483,1089,4138
24.0,977,1156,917,3120
24.0,1254,1390,1108,3506
24.0,2519,2188,1787,5786
24.0,2580,2212,1805,7013
24.0,1533,1343,1069,4330
24.0,936,1057,830,2839
24.0,1589,1453,1223,4258
24.0,1577,1495,1214,4278
24.0,1089,1187,930,3257
24.0,1190,1265,1019,3393
24.0,1486,1397,1132,3988
24.0,1452,1352,1092,3920
24.0,1272,1200,960,3539
24.0,930,988,755,2780
24.0,889,962,777,2686
24.0,996,1038,831,2935
24.0,1173,1165,931,3142
24.0,1432,1406,1141,3861
24.0,1532,1434,1159,4154
24.0,1275,1335,1078,3681
24.0,1551,1530,1230,4293
24.0,1644,1596,1286,4548
24.0,1499,1464,1178,4160
24.0,1563,1558,1258,4317
24.0,1817,1695,1375,4842
24.0,1783,1678,1329,4801
24.0,1743,1635,1318,4681
24.0,1728,1620,1309,4628
24.0,1787,1671,1350,4738
24.0,1783,1667,1345,4765
24.0,1746,1631,1319,4684
24.0,1755,1642,1324,4697
24.0,1735,1624,1313,4653
24.0,1717,1611,1294,4605
24.0,1722,1617,1308,4617
24.0,1720,1614,1297,4612
24.0,1719,1613,1297,4606
24.0,1715,1611,1300,4606
24.0,1743,1641,1319,4667
24.0,1728,1618,1305,4631
24.0,1736,1627,1310,4651
24.0,1750,1639,1317,4683
24.0,1746,1637,1320,4680
24.0,1733,1623,1306,4659
24.0,1751,1640,1322,4672
24.0,1736,1624,1308,4651
24.0,1742,1633,1315,4658
24.0,1763,1648,1330,4718
24.0,1765,1648,1328,4724
24.0,1770,1654,1330,4735
24.0,1771,1655,1337,4735
24.0,1743,1633,1316,4671
24.0,1727,1619,1314,4609
24.0,1726,1620,1306,4636
24.0,1726,1616,1300,4633
24.0,1720,1617,1303,4611
24.0,1725,1618,1300,4630
24.0,1711,1606,1298,4590
24.0,1725,1619,1304,4632
24.0,1706,1601,1288,4597
24.0,1719,1615,1300,4580
24.0,1755,1641,1321,4709
24.0,1741,1632,1313,4666
103.2,7196,6777,5461,19348
103.2,6562,6256,5056,18945
103.2,6214,5988,4845,17037
103.2,6346,6072,4910,17280
103.2,6260,5981,4832,17018
103.2,6054,5990,4829,16512
103.2,6421,6099,4911,17362
103.2,6588,6241,5027,17786
103.2,6744,6368,5110,18217
103.2,6661,6260,5012,17990
103.2,6281,6111,4912,17361
103.2,5165,5403,4313,15085
103.2,3989,4605,3636,12471
103.2,4166,4761,3766,12923
103.2,5820,5966,5160,16763
103.2,6274,6228,4998,17618
103.2,5546,5713,4607,16188
103.2,5405,5662,4556,16016
103.2,5790,5833,4684,16497
103.2,6092,6932,5596,16770
103.2,7190,6899,5576,19630
103.2,7769,7301,5897,20894
103.2,8507,7786,6285,22411
103.2,8097,7464,5807,21511
103.2,7524,7024,5659,20157
103.2,6828,6491,5211,18686
103.2,6452,6236,5030,18000
103.2,6508,6283,5069,18134
103.2,6465,6256,5043,17997
103.2,6478,6269,5053,18047
103.2,6573,6353,5119,18291
103.2,6596,6377,5138,18361
103.2,6596,6365,5131,18370
103.2,6598,6384,5147,18375
103.2,6619,6401,5160,18428
103.2,6666,6440,5191,18553
103.2,6548,6335,5103,18229
103.2,6373,6189,4961,17747
103.2,6570,6366,5129,18292
103.2,6658,6441,5194,18558
103.2,6556,6354,5122,18286
103.2,6485,6294,5072,18102
103.2,6200,6054,4872,17738
103.2,6306,6161,4951,17591
103.2,6487,6334,5085,18078
103.2,6571,6412,5147,18303
103.2,6449,6318,4972,18005
103.2,6284,6187,4962,17605
103.2,6301,6196,4972,17638
103.2,6275,6171,4950,17564
103.2,6277,6176,4953,17575
103.2,6290,6190,4965,17614
103.2,6350,6241,5011,17775
103.2,6383,6276,5041,17855
103.2,6421,6296,5055,17947
103.2,6516,6372,5119,18050
103.2,6505,6363,5112,18158
103.2,6493,6356,5107,18133
103.2,6518,6370,5122,18192
103.2,6531,6385,5131,18234
103.2,6484,6350,5101,18112
103.2,6489,6356,5107,18130
103.2,6530,6380,5128,18240
103.2,6520,6381,5128,18206
103.2,6537,6395,5138,18248
103.2,6541,6397,5141,18260
103.2,6580,6430,5174,18370
103.2,6612,6454,5196,18451
103.2,6635,6466,5208,18519
103.2,6571,6398,5153,18344
103.2,6517,6337,5067,18170
103.2,6096,5953,4769,16988
103.2,5880,5766,4612,16436
103.2,5997,5853,4686,16708
103.2,6011,5868,4696,16748
103.2,6078,5946,4765,16902
103.2,6125,5961,4780,17030
103.2,6127,5963,4783,17036
103.2,6108,5945,4768,16983
103.2,6117,5956,4774,17005
103.2,6128,5967,4784,17043
103.2,6122,5966,4784,17039
103.2,6116,5961,4781,17026
103.2,6100,5949,4767,16986
103.2,6082,5943,4758,16956
103.2,6111,5973,4781,17040
103.2,6145,6002,4806,17128
103.2,6170,6025,4826,17197
103.2,6186,6036,4820,17232
103.2,6160,6015,4815,17166
103.2,6155,6017,4815,17167
103.2,6167,6025,4824,17193
103.2,6173,6033,4831,17215
103.2,6176,6036,4831,17222
103.2,6171,6034,4827,17209
103.2,6185,6046,4837,17245
103.2,6227,6088,4871,17369
103.2,6173,6020,4816,17246
103.2,6127,6010,4808,17128
103.2,6138,6025,4817,17166
153.6,9133,8973,7177,25560
153.6,9140,8982,7184,25584
153.6,9256,9083,7262,25881
153.6,9192,9037,7226,25735
153.6,9192,9007,7202,25735
153.6,9154,9007,7202,25643
153.6,9151,9005,7202,25639
153.6,9155,9009,7205,25649
153.6,9193,9037,7229,25738
153.6,9328,9138,7314,26054
153.6,9328,9138,7379,26054
153.6,9427,9216,7379,26295
153.6,9420,9208,7374,26274
153.6,9313,9126,7305,26020
153.6,9254,9076,7264,25870
153.6,9432,9248,7400,26348
153.6,9432,9248,7400,26348
153.6,9397,9240,7428,26205
153.6,7290,7706,6147,21422
153.6,4311,5469,4370,14601
153.6,4717,5833,4645,15636
153.6,8152,8412,6717,23547
153.6,8152,8412,6717,23547
153.6,7728,7773,6238,21925
153.6,6559,6926,5509,19200
153.6,6728,7110,5655,19730
153.6,6001,6811,5397,18554
153.6,6001,6755,5352,18554
153.6,5765,6755,5352,18313
153.6,8535,8798,7046,24592
153.6,10110,9631,7752,27595
153.6,9251,8945,7226,25909
153.6,10813,10009,8089,28863
153.6,10813,10009,8060,28863
153.6,10529,9945,8060,28397
153.6,9753,9836,7886,27416
153.6,12463,11492,9288,33122
153.6,7885,8006,6376,22821
153.6,4444,4733,3702,13168
153.6,4444,4733,3702,13168
153.6,6586,5912,4739,17466
153.6,12435,10029,8258,30556
153.6,11503,10579,8664,30812
153.6,11694,11597,9444,32836
153.6,11694,14583,11961,32836
153.6,17162,14583,11961,43239
153.6,10825,9749,7983,28785
153.6,8240,7815,6286,22481
153.6,7897,7491,6030,21548
153.6,8067,7535,6131,21989
153.6,8067,7535,6155,21989
153.6,8030,7598,6155,22015
153.6,8494,7972,6444,23037
153.6,8791,8338,6800,23863
153.6,4429,5483,4408,14667
153.6,7527,7711,6257,14667
153.6,7527,7711,6257,21591
153.6,10393,9174,7501,26890
153.6,7120,6599,5340,19301
153.6,9642,8535,6971,25049
153.6,9333,9091,7397,25808
153.6,9333,9091,7376,25808
153.6,9103,9095,7376,25610
153.6,11745,10450,8560,30573
153.6,6711,6698,5344,19125
153.6,6331,6335,5016,18013
153.6,12215,10536,8611,18013
153.6,12215,10536,8611,31154
153.6,14180,12236,10024,36058
153.6,13626,11819,9672,34702
153.6,12471,10929,8958,32054
153.6,12179,10688,8778,31353
153.6,12179,10882,8942,31353
153.6,12441,10882,8942,31973
153.6,12903,11199,9212,33031
153.6,12806,11101,9143,32775
153.6,12269,10715,8826,31536
153.6,12033,10556,8690,31016
153.6,12033,10556,8635,31016
153.6,11943,10491,8635,30812
153.6,11841,10429,8581,30606
153.6,12028,10556,8690,31015
153.6,12175,10652,8773,31334
153.6,12048,10564,8698,31048
153.6,12048,10564,8779,31048
153.6,12178,10660,8779,31349
153.6,12193,10657,8782,31372
153.6,11328,10015,8227,29321
153.6,9090,8355,6812,24517
153.6,9296,8527,6927,24888
153.6,9296,8527,6927,24888
153.6,10022,9097,7422,26340
153.6,8339,8152,6599,23035
153.6,8292,8223,6635,23089
153.6,9257,8798,7130,25137
153.6,9111,8684,6990,25137
153.6,9111,8684,6990,24755
153.6,8836,8450,6832,24192
153.6,8706,8349,6759,23892
153.6,9075,8610,6979,24681
