clear,red,green,blue
4551,3643,581,474
4547,3640,580,474
4548,3640,581,474
4545,3639,580,474
4545,3639,580,474
4544,3637,580,474
4543,3637,580,474
4542,3636,579,473
4544,3637,580,474
4544,3637,580,474
4544,3638,580,474
4548,3640,581,474
4543,3637,580,474
4834,3930,863,761
4834,3930,863,761
5125,4221,1144,1045
4547,3640,581,475
4551,3642,583,476
4553,3644,583,476
4553,3644,583,476
4550,3643,582,476
4549,3641,582,476
4551,3644,582,476
4548,3640,582,476
4548,3640,582,476
4549,3641,583,476
4545,3639,582,476
4549,3641,583,476
4549,3639,581,475
4546,3639,581,475
4547,3639,582,476
4548,3640,582,476
4543,3637,581,476
4541,3635,581,475
4541,3635,581,475
4541,3636,580,474
4543,3637,581,475
4543,3637,581,475
4543,3637,580,474
4538,3633,580,474
4538,3633,580,474
4542,3637,581,475
4543,3637,581,475
4543,3637,581,476
4549,3641,582,476
4811,3907,840,738
5075,4171,1096,997
4544,3638,581,475
4544,3638,581,475
4541,3635,581,475
4544,3638,581,475
4543,3637,581,475
4543,3636,581,475
4541,3636,580,474
4541,3636,580,474
4538,3633,580,474
4541,3635,581,475
4539,3634,580,474
4543,3637,581,475
4543,3637,580,474
4544,3638,580,474
4539,3634,580,474
4538,3633,580,474
4541,3636,580,474
4541,3636,580,474
4540,3634,581,474
4543,3638,580,475
4541,3636,581,475
4539,3634,580,474
4539,3634,581,475
4542,3635,581,474
4542,3635,581,474
4542,3636,580,473
4536,3631,579,472
4541,3634,580,473
4759,3855,793,690
4759,3855,793,690
4978,4074,1009,908
4538,3632,579,472
4531,3628,578,472
4535,3630,579,472
4535,3630,579,473
4535,3631,579,473
4527,3624,578,472
4538,3633,580,473
4533,3629,578,472
4533,3629,580,473
4536,3631,580,473
4534,3630,578,472
4536,3630,579,473
4537,3632,579,472
4536,3632,579,472
4536,3632,579,473
4541,3634,580,473
4538,3633,579,472
4540,3633,580,473
4537,3631,579,472
4537,3631,579,473
4538,3633,579,473
4541,3634,580,473
