Frequency_Hz,Success,Failure
1000,10,0
11000,10,0
21000,10,0
31000,10,0
41000,10,0
51000,10,0
61000,10,0
71000,10,0
81000,10,0
91000,10,0
101000,10,0
111000,10,0
121000,10,0
131000,10,0
141000,10,0
151000,10,0
161000,10,0
171000,10,0
181000,10,0
191000,10,0
201000,10,0
211000,10,0
221000,10,0
231000,10,0
241000,10,0
251000,10,0
261000,10,0
271000,10,0
281000,10,0
291000,10,0
301000,10,0
311000,10,0
321000,10,0
331000,10,0
341000,10,0
351000,10,0
361000,10,0
371000,10,0
381000,10,0
391000,10,0
401000,10,0
411000,10,0
421000,10,0
431000,10,0
441000,10,0
451000,10,0
461000,10,0
471000,10,0
481000,10,0
491000,10,0
501000,10,0
511000,10,0
521000,10,0
531000,10,0
541000,10,0
551000,10,0
561000,10,0
571000,10,0
581000,10,0
591000,10,0
601000,10,0
611000,10,0
621000,10,0
631000,10,0
641000,10,0
651000,10,0
661000,10,0
671000,10,0
681000,10,0
691000,10,0
701000,10,0
711000,10,0
721000,10,0
731000,10,0
741000,10,0
751000,10,0
761000,10,0
771000,10,0
781000,10,0
791000,10,0
801000,10,0
811000,10,0
821000,10,0
831000,10,0
841000,10,0
851000,10,0
861000,10,0
871000,10,0
881000,10,0
891000,10,0
901000,10,0
911000,10,0
921000,10,0
931000,10,0
941000,10,0
951000,10,0
961000,10,0
971000,10,0
981000,10,0
991000,10,0
